seed,B_state_hash_saved_at_B_to_C,D_active_state_hash,B_hash_equals_D_active_hash,D_mode,D_restore_hash_check,D_registry_keys,D_integrity,D_full_reset_mode,D_full_reset_prior_checks,D_full_reset_state_hash,D_isolation_updates_before,D_full_updates_before
20260821,b87b6e98723ea0c35713f4a27115e546722fb1bfcdb73a01dd21db588d8c947b,b87b6e98723ea0c35713f4a27115e546722fb1bfcdb73a01dd21db588d8c947b,True,restored_existing_version,True,"[""robust_alone"", ""standard""]",True,fresh_full_reset,"{""posterior_caches_consistent_with_B_f"": true, ""robust_B_equals_prior"": true, ""robust_f_equals_zero"": true}",c9363d7277ba24cde247d8d8c80002170cc6e2441e9c8233c2501f589524999e,100,0
20260822,bffa811706f6f95a1d3ed706d4f6ae173f7926b583e75681e6304ddb910aaced,bffa811706f6f95a1d3ed706d4f6ae173f7926b583e75681e6304ddb910aaced,True,restored_existing_version,True,"[""robust_alone"", ""standard""]",True,fresh_full_reset,"{""posterior_caches_consistent_with_B_f"": true, ""robust_B_equals_prior"": true, ""robust_f_equals_zero"": true}",745135e9d0d17ae7b961565eb59a4e7b392504b40c9d2e8a99274666441ea87f,100,0
20260823,e148411dedde12cd9719231bdab2b0616bd8bb111ee0077f19176c628e5934d8,e148411dedde12cd9719231bdab2b0616bd8bb111ee0077f19176c628e5934d8,True,restored_existing_version,True,"[""robust_alone"", ""standard""]",True,fresh_full_reset,"{""posterior_caches_consistent_with_B_f"": true, ""robust_B_equals_prior"": true, ""robust_f_equals_zero"": true}",c1e4b589a46cb594001f3cec34ae6910ede612c27bd3f6069c64a55567d1978c,100,0
20260824,4bd6b21ecee04966de1325726afe695fe09c638b62a4e524a328ddd1078a60b8,4bd6b21ecee04966de1325726afe695fe09c638b62a4e524a328ddd1078a60b8,True,restored_existing_version,True,"[""robust_alone"", ""standard""]",True,fresh_full_reset,"{""posterior_caches_consistent_with_B_f"": true, ""robust_B_equals_prior"": true, ""robust_f_equals_zero"": true}",f56db39582ab33ddfee984a731f89398a7ffeefa513f82ad0af1f54ae7922baa,100,0
20260825,ca4cf43949ffe1e09def01e7f297aa3819ea70f2003faa86b48a8a6379987432,ca4cf43949ffe1e09def01e7f297aa3819ea70f2003faa86b48a8a6379987432,True,restored_existing_version,True,"[""robust_alone"", ""standard""]",True,fresh_full_reset,"{""posterior_caches_consistent_with_B_f"": true, ""robust_B_equals_prior"": true, ""robust_f_equals_zero"": true}",054fbfa8dea112389697c384b4224469fb05deee863803b790c4fe2271ca2ccf,100,0
20260826,a96e5fdcd8469e528d72400cdb4514cb296d3ad28cb49bee12bd36ba794a83b0,a96e5fdcd8469e528d72400cdb4514cb296d3ad28cb49bee12bd36ba794a83b0,True,restored_existing_version,True,"[""robust_alone"", ""standard""]",True,fresh_full_reset,"{""posterior_caches_consistent_with_B_f"": true, ""robust_B_equals_prior"": true, ""robust_f_equals_zero"": true}",368a2cf24df9c816e6d9b77744699443a9600c8110af815251026f6f36c852be,100,0
20260827,f8f05c44ea423b6171e004e71fff234433c14643e4b6fbe51d4ad9f03b95c5df,f8f05c44ea423b6171e004e71fff234433c14643e4b6fbe51d4ad9f03b95c5df,True,restored_existing_version,True,"[""robust_alone"", ""standard""]",True,fresh_full_reset,"{""posterior_caches_consistent_with_B_f"": true, ""robust_B_equals_prior"": true, ""robust_f_equals_zero"": true}",f505bd85f2958e34eadc7f6c74e3e172cfb903bfd342bfd584ccc34697af0200,100,0
20260828,868c93e1a86d4e840419f212346760f0cfc727eff46d3d333ddb0f32ba06ad88,868c93e1a86d4e840419f212346760f0cfc727eff46d3d333ddb0f32ba06ad88,True,restored_existing_version,True,"[""robust_alone"", ""standard""]",True,fresh_full_reset,"{""posterior_caches_consistent_with_B_f"": true, ""robust_B_equals_prior"": true, ""robust_f_equals_zero"": true}",f7a144554a194c1b544d3188071a6e050eb563ca11eafa836f09de4d1961b9ee,100,0
20260829,bb4a4407586accb05096ede1f59c798b8051069e65238241e2f8f2e248a09321,bb4a4407586accb05096ede1f59c798b8051069e65238241e2f8f2e248a09321,True,restored_existing_version,True,"[""robust_alone"", ""standard""]",True,fresh_full_reset,"{""posterior_caches_consistent_with_B_f"": true, ""robust_B_equals_prior"": true, ""robust_f_equals_zero"": true}",5dda6df07c74c1980c6de581822aaaae134b25e33b22dd5d9b283f8bd4b4af5b,100,0
20260830,5be78cf2baa5c303c86c3a36510df022e41527164f70180affd25ac00c82bb03,5be78cf2baa5c303c86c3a36510df022e41527164f70180affd25ac00c82bb03,True,restored_existing_version,True,"[""robust_alone"", ""standard""]",True,fresh_full_reset,"{""posterior_caches_consistent_with_B_f"": true, ""robust_B_equals_prior"": true, ""robust_f_equals_zero"": true}",6bda273d15eef6225f4a8c12b05c54c7890b0a6b14fc394fade6854e81731cf1,100,0
